event_message,event_type,function_id,id,level,timestamp
shutdown,Shutdown,51b142d6-c70d-4c3e-b4bf-033a1f266cc1,c5a6e39f-5c45-4657-b9e9-08b8b061f93b,log,1773666524818000
shutdown,Shutdown,51b142d6-c70d-4c3e-b4bf-033a1f266cc1,744ffd1f-9686-4692-b544-c48d200e1a28,log,1773666521654000
booted (time: 33ms),Boot,51b142d6-c70d-4c3e-b4bf-033a1f266cc1,2d2776cf-2501-4f30-a926-426d00da8b3f,log,1773666515898000
booted (time: 33ms),Boot,51b142d6-c70d-4c3e-b4bf-033a1f266cc1,412d87bb-d1c3-42b7-a35a-7b68fdc69d9f,log,1773666515890000
booted (time: 34ms),Boot,51b142d6-c70d-4c3e-b4bf-033a1f266cc1,e2d39b52-dd9a-41b7-8761-67c5c2363f40,log,1773666515889000
booted (time: 36ms),Boot,51b142d6-c70d-4c3e-b4bf-033a1f266cc1,dafb8b95-472a-404a-99e7-6cec52a41773,log,1773666515883000
booted (time: 28ms),Boot,51b142d6-c70d-4c3e-b4bf-033a1f266cc1,052bc628-e595-42dd-ac1a-a4d9cccae4f7,log,1773666515882000
booted (time: 26ms),Boot,51b142d6-c70d-4c3e-b4bf-033a1f266cc1,3998253b-7747-47a6-93f0-c7bf8f2b8706,log,1773666515880000
booted (time: 29ms),Boot,51b142d6-c70d-4c3e-b4bf-033a1f266cc1,b8343949-051e-4ada-b8eb-f1a4653fa181,log,1773666515868000
booted (time: 29ms),Boot,51b142d6-c70d-4c3e-b4bf-033a1f266cc1,4a9a74dd-7d56-4b00-b60d-d9b76d147f7e,log,1773666515866000
booted (time: 28ms),Boot,51b142d6-c70d-4c3e-b4bf-033a1f266cc1,701ba372-8e00-4787-ab9b-5b0d090a9e56,log,1773666515862000
booted (time: 28ms),Boot,51b142d6-c70d-4c3e-b4bf-033a1f266cc1,be07d6e4-4b1a-4cc8-a969-6bfe5a8415eb,log,1773666515860000
booted (time: 21ms),Boot,51b142d6-c70d-4c3e-b4bf-033a1f266cc1,4a991536-478a-4322-949c-b35b52106b99,log,1773666515858000
booted (time: 36ms),Boot,51b142d6-c70d-4c3e-b4bf-033a1f266cc1,95641215-691e-42e2-ba03-f5f34654e35f,log,1773666515587000
booted (time: 33ms),Boot,51b142d6-c70d-4c3e-b4bf-033a1f266cc1,1b89c5d5-a000-4141-8839-cd66f9e77e42,log,1773666515584000
booted (time: 24ms),Boot,51b142d6-c70d-4c3e-b4bf-033a1f266cc1,96d387dd-1517-4cf1-9212-63e56b7b3da9,log,1773666515581000
booted (time: 30ms),Boot,51b142d6-c70d-4c3e-b4bf-033a1f266cc1,65ba26f7-1ccc-4e78-aa75-7395454e90ee,log,1773666515481000
booted (time: 40ms),Boot,51b142d6-c70d-4c3e-b4bf-033a1f266cc1,af14bcfc-9930-48bf-b807-be0f87b5531c,log,1773666515436000
booted (time: 28ms),Boot,51b142d6-c70d-4c3e-b4bf-033a1f266cc1,1ba1a918-f06c-4cd0-8007-644fe9173ee0,log,1773666515315000
booted (time: 31ms),Boot,51b142d6-c70d-4c3e-b4bf-033a1f266cc1,a090b968-73c9-47d6-bf0f-0ab25199d895,log,1773666515308000
booted (time: 22ms),Boot,51b142d6-c70d-4c3e-b4bf-033a1f266cc1,5457f927-dfab-4240-81af-264050ed4f59,log,1773666515199000
booted (time: 39ms),Boot,51b142d6-c70d-4c3e-b4bf-033a1f266cc1,4173e8df-ddc3-400e-a55e-b283c35efad8,log,1773666515198000
booted (time: 22ms),Boot,51b142d6-c70d-4c3e-b4bf-033a1f266cc1,d7d0c628-e5aa-460a-a577-215fd7ca8581,log,1773666515156000
booted (time: 27ms),Boot,51b142d6-c70d-4c3e-b4bf-033a1f266cc1,b3139ef6-f3a3-4280-ad0d-cb941cb5cbed,log,1773666515139000
shutdown,Shutdown,51b142d6-c70d-4c3e-b4bf-033a1f266cc1,ef536f95-1d48-4e32-bf63-7663883d132e,log,1773666507655000
shutdown,Shutdown,51b142d6-c70d-4c3e-b4bf-033a1f266cc1,1f025111-a7a6-4a8b-987d-bc52b5172505,log,1773666507216000
shutdown,Shutdown,51b142d6-c70d-4c3e-b4bf-033a1f266cc1,3fc8ef5f-99b0-4cdf-bf9d-35d4651ec82c,log,1773666506290000
shutdown,Shutdown,51b142d6-c70d-4c3e-b4bf-033a1f266cc1,e888973f-5ead-4fd4-9315-0f3f1c5f8ce1,log,1773666506168000
shutdown,Shutdown,51b142d6-c70d-4c3e-b4bf-033a1f266cc1,633d3ceb-bd8e-4705-81b1-9ab3941d3621,log,1773666505982000
shutdown,Shutdown,51b142d6-c70d-4c3e-b4bf-033a1f266cc1,20503f67-3a38-4dc1-b9e4-6eaff4eaf564,log,1773666505953000
shutdown,Shutdown,51b142d6-c70d-4c3e-b4bf-033a1f266cc1,2ebac110-0ab1-418f-b9a9-c2eaba9eeafd,log,1773666505909000
shutdown,Shutdown,51b142d6-c70d-4c3e-b4bf-033a1f266cc1,09fe46ad-d26b-472d-b0c5-655d9345b76d,log,1773666505773000
shutdown,Shutdown,51b142d6-c70d-4c3e-b4bf-033a1f266cc1,644e7345-a70f-48d9-8c02-7969b46a961a,log,1773666505723000
shutdown,Shutdown,51b142d6-c70d-4c3e-b4bf-033a1f266cc1,db93a590-a1c1-4fd7-93bf-52e1c86f136a,log,1773666505715000
shutdown,Shutdown,51b142d6-c70d-4c3e-b4bf-033a1f266cc1,f3edef5f-9798-428d-8f77-85211b0470ea,log,1773666505642000
shutdown,Shutdown,51b142d6-c70d-4c3e-b4bf-033a1f266cc1,71497759-8839-4c82-920e-df9b6f5522db,log,1773666502057000
shutdown,Shutdown,51b142d6-c70d-4c3e-b4bf-033a1f266cc1,bc7e5cff-9e59-466e-8a4d-85bc5b3fc25e,log,1773666498931000
shutdown,Shutdown,51b142d6-c70d-4c3e-b4bf-033a1f266cc1,15a27bde-77ba-4aed-9f21-832a6b1f5993,log,1773666494580000
shutdown,Shutdown,51b142d6-c70d-4c3e-b4bf-033a1f266cc1,b3f45ef3-a42f-487b-bff9-964f91b8e05c,log,1773666491426000
shutdown,Shutdown,51b142d6-c70d-4c3e-b4bf-033a1f266cc1,19ef42fa-36df-404b-8da1-84b55435c571,log,1773666490806000
shutdown,Shutdown,51b142d6-c70d-4c3e-b4bf-033a1f266cc1,696f9546-c6dc-43d5-8fc8-2706fe96dfd3,log,1773666487323000
shutdown,Shutdown,51b142d6-c70d-4c3e-b4bf-033a1f266cc1,b889413a-570f-46d7-85df-a966657391fd,log,1773666483561000
booted (time: 28ms),Boot,51b142d6-c70d-4c3e-b4bf-033a1f266cc1,5a7de8d7-bfc9-4cac-b226-63bd6b17c6a4,log,1773666480533000
booted (time: 34ms),Boot,51b142d6-c70d-4c3e-b4bf-033a1f266cc1,2e72286e-8b64-4f21-aa23-d6ad4847ef55,log,1773666480488000
booted (time: 27ms),Boot,51b142d6-c70d-4c3e-b4bf-033a1f266cc1,5ac26b35-c752-49a0-9a60-753d18ffe938,log,1773666479696000
booted (time: 54ms),Boot,51b142d6-c70d-4c3e-b4bf-033a1f266cc1,7b1dece6-f12c-4391-9fc0-c9c57e35d663,log,1773666479519000
booted (time: 27ms),Boot,51b142d6-c70d-4c3e-b4bf-033a1f266cc1,aea3f2c2-1e14-48b3-9dc8-c62493e0c800,log,1773666479474000
booted (time: 28ms),Boot,51b142d6-c70d-4c3e-b4bf-033a1f266cc1,2cc118b8-5c12-45e8-94cc-c81746a87a16,log,1773666479459000
booted (time: 26ms),Boot,51b142d6-c70d-4c3e-b4bf-033a1f266cc1,a7505658-9c0c-4a87-a79a-d86a32e05107,log,1773666479453000
booted (time: 29ms),Boot,51b142d6-c70d-4c3e-b4bf-033a1f266cc1,a4953fe3-e90f-497b-89b4-6d85ce1d49da,log,1773666479453000
booted (time: 28ms),Boot,51b142d6-c70d-4c3e-b4bf-033a1f266cc1,a9ac1b07-03c4-42db-89ef-8374e3ce8808,log,1773666479366000
booted (time: 44ms),Boot,51b142d6-c70d-4c3e-b4bf-033a1f266cc1,b1563938-0fb3-47b7-bef1-001124fad51b,log,1773666479311000
booted (time: 26ms),Boot,51b142d6-c70d-4c3e-b4bf-033a1f266cc1,1f55e24a-f827-4a07-a4a5-5ac171d4984c,log,1773666479231000
booted (time: 24ms),Boot,51b142d6-c70d-4c3e-b4bf-033a1f266cc1,ea813af6-1fbb-41c9-bcef-f014f56d0e86,log,1773666479192000
booted (time: 28ms),Boot,51b142d6-c70d-4c3e-b4bf-033a1f266cc1,8b4868a9-138c-4166-b271-f558d7c2cbf2,log,1773666479163000
booted (time: 28ms),Boot,51b142d6-c70d-4c3e-b4bf-033a1f266cc1,5ce6d646-b37f-4415-bf1f-b364595c0c0e,log,1773666479148000
booted (time: 31ms),Boot,51b142d6-c70d-4c3e-b4bf-033a1f266cc1,4c40da06-6578-4154-9015-20be64d08284,log,1773666479143000
booted (time: 28ms),Boot,51b142d6-c70d-4c3e-b4bf-033a1f266cc1,f3516889-5420-44b7-b039-12272be0fa4e,log,1773666478986000
booted (time: 31ms),Boot,51b142d6-c70d-4c3e-b4bf-033a1f266cc1,05ef6d88-a145-460e-9aee-6fed1e2d556d,log,1773666478906000
booted (time: 29ms),Boot,51b142d6-c70d-4c3e-b4bf-033a1f266cc1,79b88966-c068-473c-bd85-9f0bbab1146b,log,1773666478779000
booted (time: 22ms),Boot,51b142d6-c70d-4c3e-b4bf-033a1f266cc1,e1936933-2ce6-43c9-a128-5c7efe3c7069,log,1773666478702000
booted (time: 85ms),Boot,51b142d6-c70d-4c3e-b4bf-033a1f266cc1,92fe822b-b1f5-48f5-a24f-8227eae8e4a0,log,1773666478696000
booted (time: 32ms),Boot,51b142d6-c70d-4c3e-b4bf-033a1f266cc1,50028315-a775-4263-9a09-fc403c3b7626,log,1773666475291000
booted (time: 31ms),Boot,51b142d6-c70d-4c3e-b4bf-033a1f266cc1,de51d930-0789-4977-aed6-67def720e6d1,log,1773666474967000
shutdown,Shutdown,51b142d6-c70d-4c3e-b4bf-033a1f266cc1,1ddd3dab-daeb-4c10-aa59-c0f63ace914f,log,1773666469757000
shutdown,Shutdown,51b142d6-c70d-4c3e-b4bf-033a1f266cc1,bb52780e-17a2-40f9-a082-96e369e8d919,log,1773666460771000
shutdown,Shutdown,51b142d6-c70d-4c3e-b4bf-033a1f266cc1,732142de-85d9-4139-be24-c7633ff5b15a,log,1773666460578000
booted (time: 30ms),Boot,51b142d6-c70d-4c3e-b4bf-033a1f266cc1,e2cc550f-ed29-476d-8332-74be344ab2f9,log,1773666456648000
booted (time: 28ms),Boot,51b142d6-c70d-4c3e-b4bf-033a1f266cc1,d3ef446c-73ba-4682-81f0-b882e9e70c60,log,1773666456648000
booted (time: 26ms),Boot,51b142d6-c70d-4c3e-b4bf-033a1f266cc1,e4b9aa60-a17e-4cf8-93a4-3f6b050b6493,log,1773666456238000
shutdown,Shutdown,51b142d6-c70d-4c3e-b4bf-033a1f266cc1,03abd765-a867-4024-8880-ade4d96a3b1a,log,1773666444095000
booted (time: 37ms),Boot,51b142d6-c70d-4c3e-b4bf-033a1f266cc1,c02f5eb4-ea94-4046-8187-2ec26d933cff,log,1773666434139000
booted (time: 51ms),Boot,51b142d6-c70d-4c3e-b4bf-033a1f266cc1,ab9305d2-d3a0-4685-97d1-bbf260350098,log,1773666434094000
booted (time: 38ms),Boot,51b142d6-c70d-4c3e-b4bf-033a1f266cc1,3ef66577-3e2c-4488-a633-52e736496c26,log,1773666434073000
booted (time: 28ms),Boot,51b142d6-c70d-4c3e-b4bf-033a1f266cc1,a5ae9b1e-f011-41a6-8d2f-a9595db42671,log,1773666434066000
booted (time: 24ms),Boot,51b142d6-c70d-4c3e-b4bf-033a1f266cc1,e423a2a9-f807-42c5-b7b9-06e5e6b960a3,log,1773666433751000
booted (time: 26ms),Boot,51b142d6-c70d-4c3e-b4bf-033a1f266cc1,4d9047da-824d-40f9-bb23-fab310888735,log,1773666433707000
booted (time: 26ms),Boot,51b142d6-c70d-4c3e-b4bf-033a1f266cc1,f5bbe585-2b4a-47d6-8377-edba6db30aeb,log,1773666433568000
booted (time: 27ms),Boot,51b142d6-c70d-4c3e-b4bf-033a1f266cc1,d3732613-e76e-49a9-9e40-f2d32a38340c,log,1773666433549000
booted (time: 28ms),Boot,51b142d6-c70d-4c3e-b4bf-033a1f266cc1,be4528f1-c0cd-4c36-ac85-d7012487c98d,log,1773666433527000
booted (time: 28ms),Boot,51b142d6-c70d-4c3e-b4bf-033a1f266cc1,197b5d95-0edc-4389-9946-be66b4c1aaaa,log,1773666433272000
booted (time: 32ms),Boot,51b142d6-c70d-4c3e-b4bf-033a1f266cc1,fb377310-6744-4fe1-af7e-912e6bc950bb,log,1773666433261000
booted (time: 28ms),Boot,51b142d6-c70d-4c3e-b4bf-033a1f266cc1,f278e03d-9ba5-4a06-91e7-4ceee64c1e0f,log,1773666433184000
booted (time: 38ms),Boot,51b142d6-c70d-4c3e-b4bf-033a1f266cc1,62d56601-6498-4e7d-8e09-4a25c1f91850,log,1773666433017000
booted (time: 31ms),Boot,51b142d6-c70d-4c3e-b4bf-033a1f266cc1,156c7588-ea6a-4590-a5e0-e2c3382c7f2b,log,1773666433013000
booted (time: 26ms),Boot,51b142d6-c70d-4c3e-b4bf-033a1f266cc1,ed1a0324-4c2b-4d6f-86e1-ebb177ae20bb,log,1773666433012000
booted (time: 40ms),Boot,51b142d6-c70d-4c3e-b4bf-033a1f266cc1,6118af3d-85e0-4170-99ad-9c3e7adea5ad,log,1773666432859000
booted (time: 28ms),Boot,51b142d6-c70d-4c3e-b4bf-033a1f266cc1,4ee1903e-0a7b-4722-b1f6-683546a213b4,log,1773666432648000
booted (time: 54ms),Boot,51b142d6-c70d-4c3e-b4bf-033a1f266cc1,c9a7648d-39c3-444c-bb47-23800e0b8ac8,log,1773666432626000
shutdown,Shutdown,51b142d6-c70d-4c3e-b4bf-033a1f266cc1,7a17e744-f2c7-4b8a-9a40-4ed85ce7dfaf,log,1773666428031000
shutdown,Shutdown,51b142d6-c70d-4c3e-b4bf-033a1f266cc1,c5d1b650-858b-4d7e-86b9-8224ba42f836,log,1773666427035000
shutdown,Shutdown,51b142d6-c70d-4c3e-b4bf-033a1f266cc1,64bc33ca-4f9c-4be9-8ccc-e00e9f18f3b4,log,1773666424622000
booted (time: 27ms),Boot,51b142d6-c70d-4c3e-b4bf-033a1f266cc1,ed8195a3-86fe-416a-b25d-1408bf555349,log,1773666421519000
booted (time: 32ms),Boot,51b142d6-c70d-4c3e-b4bf-033a1f266cc1,cb3c5f43-aab2-4e4b-adc0-9bc198cbcf7b,log,1773666421501000
booted (time: 31ms),Boot,51b142d6-c70d-4c3e-b4bf-033a1f266cc1,92b7519d-eafc-413a-9323-c17607d59844,log,1773666421157000
booted (time: 26ms),Boot,51b142d6-c70d-4c3e-b4bf-033a1f266cc1,6410d36d-ad4b-4144-b031-cd7ecf3f4014,log,1773666421145000
booted (time: 30ms),Boot,51b142d6-c70d-4c3e-b4bf-033a1f266cc1,6f43f3c4-3546-4452-8e29-472ccf0b63cb,log,1773666409011000
booted (time: 30ms),Boot,51b142d6-c70d-4c3e-b4bf-033a1f266cc1,9aa9edd5-aa5a-47da-b4eb-7e29ffa465bd,log,1773666408951000
booted (time: 27ms),Boot,51b142d6-c70d-4c3e-b4bf-033a1f266cc1,50e1e5ed-0e53-4cf6-8a33-79938fc50473,log,1773666408949000
booted (time: 25ms),Boot,51b142d6-c70d-4c3e-b4bf-033a1f266cc1,8586a02e-60df-4edc-92f2-6c1cb1bc4da8,log,1773666408906000