-- =============================================================
-- ComHome Seed Data
-- =============================================================

-- -------------------------------------------------------
-- 1. companies
-- -------------------------------------------------------
INSERT INTO public.companies (id, name, address, district, latitude, longitude) VALUES
  ('a1000000-0000-0000-0000-000000000001', '삼성전자 서울R&D캠퍼스', '서울 서초구 서초대로74길 11', '서초구', 37.4969, 127.0279),
  ('a1000000-0000-0000-0000-000000000002', '카카오 판교오피스', '경기 성남시 분당구 판교역로 166', '분당구', 37.3998, 127.1083),
  ('a1000000-0000-0000-0000-000000000003', '네이버 그린팩토리', '경기 성남시 분당구 불정로 6', '분당구', 37.3595, 127.1052),
  ('a1000000-0000-0000-0000-000000000004', 'LG전자 여의도사옥', '서울 영등포구 여의대로 128', '영등포구', 37.5213, 126.9240),
  ('a1000000-0000-0000-0000-000000000005', 'KB국민은행 본점', '서울 중구 새문안로 4', '중구', 37.5708, 126.9767),
  ('a1000000-0000-0000-0000-000000000006', '현대자동차 양재사옥', '서울 서초구 헌릉로 12', '서초구', 37.4692, 127.0387),
  ('a1000000-0000-0000-0000-000000000007', 'SK텔레콤 을지로사옥', '서울 중구 을지로 65', '중구', 37.5660, 126.9826),
  ('a1000000-0000-0000-0000-000000000008', '쿠팡 송파사옥', '서울 송파구 송파대로 570', '송파구', 37.5044, 127.1143);

-- -------------------------------------------------------
-- 2. neighborhoods
-- -------------------------------------------------------
INSERT INTO public.neighborhoods (id, name, district, city, avg_rent, latitude, longitude, transit_lines, description) VALUES
  ('b1000000-0000-0000-0000-000000000001', '사당', '동작구', '서울', 48, 37.4765, 126.9816, '["2호선","4호선"]', '강남/서초 접근이 매우 빠른 요충지 동네'),
  ('b1000000-0000-0000-0000-000000000002', '낙성대', '관악구', '서울', 42, 37.4776, 126.9642, '["2호선"]', '서울대 인근으로 조용하고 물가가 저렴한 동네'),
  ('b1000000-0000-0000-0000-000000000003', '신림', '관악구', '서울', 38, 37.4843, 126.9294, '["2호선","신림선"]', '교통이 편리하고 월세가 저렴한 1인 가구 밀집 지역'),
  ('b1000000-0000-0000-0000-000000000004', '봉천', '관악구', '서울', 40, 37.4816, 126.9524, '["2호선"]', '서울대입구 인근 조용한 주거 지역'),
  ('b1000000-0000-0000-0000-000000000005', '이수', '동작구', '서울', 50, 37.4851, 126.9820, '["4호선","7호선"]', '강남 접근성과 생활 편의시설이 잘 갖춰진 동네'),
  ('b1000000-0000-0000-0000-000000000006', '수원 영통', '영통구', '경기', 35, 37.2611, 127.0567, '["수인분당선"]', '판교/분당 직장인에게 인기 있는 경기 남부 주거지'),
  ('b1000000-0000-0000-0000-000000000007', '정자', '분당구', '경기', 55, 37.3604, 127.1116, '["신분당선","수인분당선"]', '판교 직장인 최적의 주거지, 쾌적한 분당 신도시'),
  ('b1000000-0000-0000-0000-000000000008', '미금', '분당구', '경기', 52, 37.3529, 127.1108, '["수인분당선"]', '분당 핵심 주거 지역으로 교통과 생활 편의성 우수'),
  ('b1000000-0000-0000-0000-000000000009', '당산', '영등포구', '서울', 53, 37.5341, 126.9010, '["2호선","9호선"]', '여의도 직장인의 최적 주거지, 한강 조망 가능'),
  ('b1000000-0000-0000-0000-000000000010', '신도림', '구로구', '서울', 45, 37.5084, 126.8912, '["1호선","2호선"]', '2개 전철 환승으로 어디든 빠르게 이동 가능'),
  ('b1000000-0000-0000-0000-000000000011', '대림', '영등포구', '서울', 40, 37.4934, 126.8957, '["2호선","7호선"]', '저렴한 월세와 편리한 교통이 장점인 실속 동네'),
  ('b1000000-0000-0000-0000-000000000012', '충정로', '서대문구', '서울', 47, 37.5598, 126.9636, '["2호선","5호선"]', '도심 업무지구 접근이 빠른 도보 생활권'),
  ('b1000000-0000-0000-0000-000000000013', '공덕', '마포구', '서울', 56, 37.5445, 126.9513, '["5호선","6호선","경의중앙선","공항철도"]', '4개 노선 환승역으로 서울 전역 접근 최강'),
  ('b1000000-0000-0000-0000-000000000014', '구로', '구로구', '서울', 38, 37.4954, 126.8872, '["1호선","7호선"]', '저렴한 월세로 인기 있는 실속형 주거 지역'),
  ('b1000000-0000-0000-0000-000000000015', '잠실새내', '송파구', '서울', 58, 37.5111, 127.0849, '["2호선"]', '잠실 생활권 누리면서 상대적으로 저렴한 동네');

-- -------------------------------------------------------
-- 3. recommended_neighborhoods
-- -------------------------------------------------------

-- 삼성전자 서울R&D캠퍼스 (서초구) 추천
INSERT INTO public.recommended_neighborhoods (company_id, neighborhood_id, rank, commute_minutes, commute_route, savings_amount) VALUES
  ('a1000000-0000-0000-0000-000000000001', 'b1000000-0000-0000-0000-000000000001', 1, 18, '사당역 → 4호선 → 총신대입구(이수) → 7호선 → 고속터미널 → 도보', 17),
  ('a1000000-0000-0000-0000-000000000001', 'b1000000-0000-0000-0000-000000000002', 2, 22, '낙성대역 → 2호선 → 강남역 → 버스', 23),
  ('a1000000-0000-0000-0000-000000000001', 'b1000000-0000-0000-0000-000000000005', 3, 20, '이수역 → 7호선 → 고속터미널 → 도보', 15),
  ('a1000000-0000-0000-0000-000000000001', 'b1000000-0000-0000-0000-000000000004', 4, 25, '봉천역 → 2호선 → 교대역 → 도보', 25),
  ('a1000000-0000-0000-0000-000000000001', 'b1000000-0000-0000-0000-000000000003', 5, 28, '신림역 → 2호선 → 강남역 → 버스', 27);

-- 카카오 판교오피스 (분당구) 추천
INSERT INTO public.recommended_neighborhoods (company_id, neighborhood_id, rank, commute_minutes, commute_route, savings_amount) VALUES
  ('a1000000-0000-0000-0000-000000000002', 'b1000000-0000-0000-0000-000000000007', 1, 12, '정자역 → 신분당선 → 판교역 → 도보 5분', 10),
  ('a1000000-0000-0000-0000-000000000002', 'b1000000-0000-0000-0000-000000000008', 2, 15, '미금역 → 수인분당선 → 판교역 → 도보', 13),
  ('a1000000-0000-0000-0000-000000000002', 'b1000000-0000-0000-0000-000000000006', 3, 25, '영통역 → 수인분당선 → 판교역', 30),
  ('a1000000-0000-0000-0000-000000000002', 'b1000000-0000-0000-0000-000000000001', 4, 28, '사당역 → 신분당선 환승 → 판교역', 10),
  ('a1000000-0000-0000-0000-000000000002', 'b1000000-0000-0000-0000-000000000002', 5, 30, '낙성대역 → 2호선 → 강남역 → 신분당선 → 판교역', 8);

-- 네이버 그린팩토리 (분당구) 추천
INSERT INTO public.recommended_neighborhoods (company_id, neighborhood_id, rank, commute_minutes, commute_route, savings_amount) VALUES
  ('a1000000-0000-0000-0000-000000000003', 'b1000000-0000-0000-0000-000000000008', 1, 10, '미금역 → 수인분당선 → 동천역 → 도보', 13),
  ('a1000000-0000-0000-0000-000000000003', 'b1000000-0000-0000-0000-000000000007', 2, 14, '정자역 → 수인분당선 → 동천역 → 도보', 10),
  ('a1000000-0000-0000-0000-000000000003', 'b1000000-0000-0000-0000-000000000006', 3, 22, '영통역 → 수인분당선 → 동천역', 30),
  ('a1000000-0000-0000-0000-000000000003', 'b1000000-0000-0000-0000-000000000001', 4, 30, '사당역 → 4호선 → 신분당선 환승 → 동천역', 10),
  ('a1000000-0000-0000-0000-000000000003', 'b1000000-0000-0000-0000-000000000002', 5, 29, '낙성대역 → 2호선 → 강남역 → 신분당선 → 동천역', 8);

-- LG전자 여의도사옥 추천
INSERT INTO public.recommended_neighborhoods (company_id, neighborhood_id, rank, commute_minutes, commute_route, savings_amount) VALUES
  ('a1000000-0000-0000-0000-000000000004', 'b1000000-0000-0000-0000-000000000009', 1, 12, '당산역 → 9호선 → 여의도역 → 도보', 12),
  ('a1000000-0000-0000-0000-000000000004', 'b1000000-0000-0000-0000-000000000011', 2, 18, '대림역 → 2호선 → 당산역 → 9호선 → 여의도역', 25),
  ('a1000000-0000-0000-0000-000000000004', 'b1000000-0000-0000-0000-000000000010', 3, 20, '신도림역 → 2호선 → 당산역 → 9호선 → 여의도역', 20),
  ('a1000000-0000-0000-0000-000000000004', 'b1000000-0000-0000-0000-000000000014', 4, 25, '구로역 → 1호선 → 신도림 → 2호선 → 당산 → 9호선 → 여의도', 27),
  ('a1000000-0000-0000-0000-000000000004', 'b1000000-0000-0000-0000-000000000003', 5, 28, '신림역 → 2호선 → 당산역 → 9호선 → 여의도역', 25);

-- KB국민은행 본점 (중구) 추천
INSERT INTO public.recommended_neighborhoods (company_id, neighborhood_id, rank, commute_minutes, commute_route, savings_amount) VALUES
  ('a1000000-0000-0000-0000-000000000005', 'b1000000-0000-0000-0000-000000000012', 1, 10, '충정로역 → 5호선 → 광화문역 → 도보', 18),
  ('a1000000-0000-0000-0000-000000000005', 'b1000000-0000-0000-0000-000000000013', 2, 14, '공덕역 → 5호선 → 광화문역 → 도보', 9),
  ('a1000000-0000-0000-0000-000000000005', 'b1000000-0000-0000-0000-000000000010', 3, 22, '신도림역 → 2호선 → 시청역 → 도보', 18),
  ('a1000000-0000-0000-0000-000000000005', 'b1000000-0000-0000-0000-000000000003', 4, 28, '신림역 → 2호선 → 시청역 → 도보', 23),
  ('a1000000-0000-0000-0000-000000000005', 'b1000000-0000-0000-0000-000000000014', 5, 30, '구로역 → 1호선 → 시청역 → 도보', 27);

-- 현대자동차 양재사옥 추천
INSERT INTO public.recommended_neighborhoods (company_id, neighborhood_id, rank, commute_minutes, commute_route, savings_amount) VALUES
  ('a1000000-0000-0000-0000-000000000006', 'b1000000-0000-0000-0000-000000000001', 1, 15, '사당역 → 4호선 → 총신대입구 → 7호선 → 양재역 → 도보', 17),
  ('a1000000-0000-0000-0000-000000000006', 'b1000000-0000-0000-0000-000000000005', 2, 18, '이수역 → 7호선 → 양재역 → 도보', 15),
  ('a1000000-0000-0000-0000-000000000006', 'b1000000-0000-0000-0000-000000000002', 3, 22, '낙성대역 → 2호선 → 강남역 → 버스', 23),
  ('a1000000-0000-0000-0000-000000000006', 'b1000000-0000-0000-0000-000000000004', 4, 25, '봉천역 → 2호선 → 교대역 → 3호선 → 양재역', 25),
  ('a1000000-0000-0000-0000-000000000006', 'b1000000-0000-0000-0000-000000000003', 5, 29, '신림역 → 2호선 → 강남역 → 버스', 27);

-- SK텔레콤 을지로사옥 추천
INSERT INTO public.recommended_neighborhoods (company_id, neighborhood_id, rank, commute_minutes, commute_route, savings_amount) VALUES
  ('a1000000-0000-0000-0000-000000000007', 'b1000000-0000-0000-0000-000000000012', 1, 8, '충정로역 → 2호선 → 을지로3가역 → 도보', 18),
  ('a1000000-0000-0000-0000-000000000007', 'b1000000-0000-0000-0000-000000000013', 2, 12, '공덕역 → 5호선 → 을지로4가역 → 도보', 9),
  ('a1000000-0000-0000-0000-000000000007', 'b1000000-0000-0000-0000-000000000010', 3, 20, '신도림역 → 2호선 → 을지로3가역 → 도보', 18),
  ('a1000000-0000-0000-0000-000000000007', 'b1000000-0000-0000-0000-000000000011', 4, 22, '대림역 → 2호선 → 을지로3가역 → 도보', 25),
  ('a1000000-0000-0000-0000-000000000007', 'b1000000-0000-0000-0000-000000000003', 5, 27, '신림역 → 2호선 → 을지로3가역 → 도보', 23);

-- 쿠팡 송파사옥 추천
INSERT INTO public.recommended_neighborhoods (company_id, neighborhood_id, rank, commute_minutes, commute_route, savings_amount) VALUES
  ('a1000000-0000-0000-0000-000000000008', 'b1000000-0000-0000-0000-000000000015', 1, 10, '잠실새내역 → 2호선 → 잠실역 → 버스', 7),
  ('a1000000-0000-0000-0000-000000000008', 'b1000000-0000-0000-0000-000000000001', 2, 25, '사당역 → 2호선 → 잠실역 → 버스', 17),
  ('a1000000-0000-0000-0000-000000000008', 'b1000000-0000-0000-0000-000000000005', 3, 28, '이수역 → 7호선 → 건대입구 → 2호선 → 잠실역', 15),
  ('a1000000-0000-0000-0000-000000000008', 'b1000000-0000-0000-0000-000000000002', 4, 30, '낙성대역 → 2호선 → 잠실역 → 버스', 17),
  ('a1000000-0000-0000-0000-000000000008', 'b1000000-0000-0000-0000-000000000004', 5, 29, '봉천역 → 2호선 → 잠실역 → 버스', 20);

-- -------------------------------------------------------
-- 4. housing_listings
-- -------------------------------------------------------

-- 사당
INSERT INTO public.housing_listings (neighborhood_id, type, deposit, monthly_rent, area_sqm, floor, distance_to_station, description) VALUES
  ('b1000000-0000-0000-0000-000000000001', '원룸', 1000, 48, 20.0, 3, 5, '역세권 풀옵션 원룸, 관리비 5만원'),
  ('b1000000-0000-0000-0000-000000000001', '원룸', 500, 50, 18.5, 2, 8, '보증금 낮은 실속형 원룸'),
  ('b1000000-0000-0000-0000-000000000001', '투룸', 2000, 65, 33.0, 4, 7, '남향 투룸, 주차 가능'),
  ('b1000000-0000-0000-0000-000000000001', '원룸', 1000, 45, 19.0, 5, 6, '신축 원룸, 엘리베이터 있음');

-- 낙성대
INSERT INTO public.housing_listings (neighborhood_id, type, deposit, monthly_rent, area_sqm, floor, distance_to_station, description) VALUES
  ('b1000000-0000-0000-0000-000000000002', '원룸', 500, 42, 17.0, 2, 6, '조용한 주택가 원룸'),
  ('b1000000-0000-0000-0000-000000000002', '원룸', 1000, 40, 20.0, 3, 4, '서울대입구 인근 풀옵션'),
  ('b1000000-0000-0000-0000-000000000002', '투룸', 1500, 55, 30.0, 2, 9, '투룸, 세탁기 별도'),
  ('b1000000-0000-0000-0000-000000000002', '원룸', 500, 43, 16.5, 1, 5, '1층 저렴한 원룸');

-- 신림
INSERT INTO public.housing_listings (neighborhood_id, type, deposit, monthly_rent, area_sqm, floor, distance_to_station, description) VALUES
  ('b1000000-0000-0000-0000-000000000003', '원룸', 300, 38, 15.0, 2, 3, '신림선 역세권 초저가 원룸'),
  ('b1000000-0000-0000-0000-000000000003', '원룸', 500, 36, 16.0, 3, 5, '관리 잘된 원룸'),
  ('b1000000-0000-0000-0000-000000000003', '원룸', 1000, 40, 19.0, 4, 7, '풀옵션 신축 원룸'),
  ('b1000000-0000-0000-0000-000000000003', '투룸', 1000, 50, 28.0, 2, 6, '투룸, 주방 분리형');

-- 정자 (판교 직장인)
INSERT INTO public.housing_listings (neighborhood_id, type, deposit, monthly_rent, area_sqm, floor, distance_to_station, description) VALUES
  ('b1000000-0000-0000-0000-000000000007', '원룸', 2000, 55, 22.0, 7, 4, '신분당선 정자역 도보 4분'),
  ('b1000000-0000-0000-0000-000000000007', '투룸', 3000, 70, 40.0, 10, 6, '한강 조망 투룸, 분당 신도시'),
  ('b1000000-0000-0000-0000-000000000007', '원룸', 1000, 58, 20.0, 5, 3, '역 초근접 풀옵션'),
  ('b1000000-0000-0000-0000-000000000007', '쓰리룸+', 5000, 90, 59.0, 8, 8, '아파트형 쓰리룸, 주차 2대');

-- 당산 (여의도 직장인)
INSERT INTO public.housing_listings (neighborhood_id, type, deposit, monthly_rent, area_sqm, floor, distance_to_station, description) VALUES
  ('b1000000-0000-0000-0000-000000000009', '원룸', 1000, 53, 21.0, 3, 5, '9호선 당산역 도보 5분'),
  ('b1000000-0000-0000-0000-000000000009', '투룸', 2000, 68, 35.0, 6, 7, '한강 뷰 투룸'),
  ('b1000000-0000-0000-0000-000000000009', '원룸', 500, 55, 18.0, 2, 8, '2호선+9호선 환승 역세권'),
  ('b1000000-0000-0000-0000-000000000009', '투룸', 3000, 75, 38.0, 9, 4, '남향 투룸, 풀옵션');

-- 충정로 (도심 직장인)
INSERT INTO public.housing_listings (neighborhood_id, type, deposit, monthly_rent, area_sqm, floor, distance_to_station, description) VALUES
  ('b1000000-0000-0000-0000-000000000012', '원룸', 1000, 47, 20.0, 4, 4, '2호선·5호선 충정로역 도보 4분'),
  ('b1000000-0000-0000-0000-000000000012', '원룸', 500, 45, 17.0, 2, 6, '광화문 출퇴근 최적'),
  ('b1000000-0000-0000-0000-000000000012', '투룸', 2000, 62, 32.0, 5, 5, '투룸, 역 도보권'),
  ('b1000000-0000-0000-0000-000000000012', '원룸', 1000, 48, 19.0, 3, 7, '신축 원룸, 엘리베이터');

-- 수원 영통
INSERT INTO public.housing_listings (neighborhood_id, type, deposit, monthly_rent, area_sqm, floor, distance_to_station, description) VALUES
  ('b1000000-0000-0000-0000-000000000006', '원룸', 500, 35, 22.0, 2, 6, '수인분당선 영통역 역세권'),
  ('b1000000-0000-0000-0000-000000000006', '투룸', 1000, 45, 35.0, 4, 8, '쾌적한 경기 주거 투룸'),
  ('b1000000-0000-0000-0000-000000000006', '쓰리룸+', 2000, 60, 52.0, 6, 10, '아파트 쓰리룸, 주차 가능'),
  ('b1000000-0000-0000-0000-000000000006', '원룸', 300, 33, 18.0, 1, 5, '초저가 원룸');
